柏 歯医者　駅近,2024/04/28 15:48:52,柏駅東口徒歩1分の歯医者 デンタルクリニック柏｜ 土曜・日曜も診療 24時間初診ウェブ予約,https://www.dc-kashiwa.com/sp/,1,1.66.99.182,正しく処理が終了しました
柏 歯医者　駅近,2024/04/28 15:52:54,柏駅東口徒歩1分の歯医者 デンタルクリニック柏｜ 土曜・日曜も診療 24時間初診ウェブ予約,https://www.dc-kashiwa.com/sp/,4,1.66.102.150,正しく処理が終了しました
柏 歯医者　駅近,2024/04/28 16:00:35,柏駅東口徒歩1分の歯医者 デンタルクリニック柏｜ 土曜・日曜も診療 24時間初診ウェブ予約,https://www.dc-kashiwa.com/sp/,6,1.75.249.170,正しく処理が終了しました
柏 歯医者　駅近,2024/05/01 16:31:16,柏駅東口徒歩1分の歯医者 デンタルクリニック柏｜ 土曜・日曜も診療 24時間初診ウェブ予約,https://www.dc-kashiwa.com/sp/,2,49.98.157.246,正しく処理が終了しました
柏 歯医者　駅近,2024/05/01 16:52:22,柏駅東口徒歩1分の歯医者 デンタルクリニック柏｜ 土曜・日曜も診療 24時間初診ウェブ予約,https://www.dc-kashiwa.com/sp/,1,49.98.17.88,正しく処理が終了しました
恵比寿 美容院　人気てんぽ,2024/05/01 16:56:26,恵比寿・広尾で人気の美容院・美容室・ヘアサロン｜ホットペッパービューティー,https://beauty.hotpepper.jp/svcSA/macAC/salon/sacX008/,2,1.75.248.42,正しく処理が終了しました
＞別れさせ屋　成功確率,2024/05/01 17:00:20,「別れさせ工作」依頼を決意した瞬間 | NEWSCAST,https://newscast.jp/news/9129233/amp,2,49.97.109.250,正しく処理が終了しました
＞日本刀販売　おススメ店舗,2024/05/01 17:04:34,刀剣・日本刀販売の専門店一覧／ホームメイト,https://www.touken-world.jp/marketing/,2,1.79.85.153,正しく処理が終了しました
プロテインおすすめ　ランキング上位,2024/05/01 17:08:48,【徹底比較】プロテインのおすすめ人気ランキング143選【2024年】 | mybest,https://my-best.com/10250,2,1.66.103.118,正しく処理が終了しました
複合機　リース　比較さいと,2024/05/01 17:12:33,複合機のおすすめ格安リース会社を比較！プロが選ぶ本当に安い同業者5選！|複合機リースの格安NO1｜株式会社じむや,https://www.zimu-ya.com/comparison/,2,1.79.82.62,正しく処理が終了しました
＞プロポーズ　指輪　人気ブランド,2024/05/01 17:16:15,婚約指輪の人気ブランド10選！各ショップの特徴やおすすめをご紹介 | 結婚準備ROOM,https://www.piary.jp/pre-wedding/propose/702.html,6,49.98.152.223,正しく処理が終了しました
＞除菌スプレー　おすすめ　らんきんぐ,2024/05/01 17:23:18,除菌スプレーのおすすめ人気ランキング27選【2024年】 | mybest,https://my-best.com/1867,8,49.98.154.191,正しく処理が終了しました
天神焼肉　駅近,2024/05/01 17:27:29,天神駅(福岡)周辺 焼肉・ホルモンの予約・クーポン | ホットペッパーグルメ,https://www.hotpepper.jp/SA91/Y706/X702/9925370/G008/,1,49.97.98.117,正しく処理が終了しました
ふるさと納税　肉　らくてんサイト,2024/05/01 17:31:23,【楽天市場】楽天ふるさと納税｜返礼品ランキング［精肉・肉加工品］,https://event.rakuten.co.jp/furusato/ranking/meat/,2,49.98.159.226,正しく処理が終了しました
＞ふるさと納税　明太子　楽天サイト,2024/05/01 17:35:05,【楽天市場】ふるさと納税 明太子の通販,https://search.rakuten.co.jp/search/mall/%E3%81%B5%E3%82%8B%E3%81%95%E3%81%A8%E7%B4%8D%E7%A8%8E+%E6%98%8E%E5%A4%AA%E5%AD%90/,3,1.66.96.213,正しく処理が終了しました
＞札幌　焼肉　おすすめてんぽ,2024/05/01 17:42:32,札幌で人気の焼肉 ランキングTOP20 | 食べログ,https://s.tabelog.com/yakiniku/hokkaido/A0101/rank/,9,49.98.157.141,正しく処理が終了しました
薬　通販　サイト　おすすめ,2024/05/01 17:46:22,【お薬通販部】最安値で個人輸入代行サービス｜海外医薬品通販サイト,https://okusuritsuhan.shop/,10,49.97.109.148,正しく処理が終了しました
美味しいお菓子　日本らんきんぐ,2024/05/01 17:52:55,1万人が選ぶ！令和・平成・昭和 お菓子ランキング お菓子BEST20を時代別で大発表 | 久留米ファン,https://kurumefan.com/okashi-ranking,10,1.79.85.251,正しく処理が終了しました
＞妊活サプリ　評価高い,2024/05/01 17:56:59,葉酸サプリのおすすめ比較ランキング13選丨選び方や値段は？妊活中や妊娠中に飲まないほうがいいものはある？ | プレママブック,https://dr-land-kinshicho.com/figure/yosansupple-recommend/,1,49.98.156.233,正しく処理が終了しました
＞名古屋　結婚相談所　おススメサイト,2024/05/01 18:00:50,【最新】名古屋の結婚相談所おすすめ10選！人気な結婚相談所をランキングで比較！,https://www.gendai-a.co.jp/fit/marriage-agency-nagoya/,4,49.98.153.92,正しく処理が終了しました
がん予防　効果高い,2024/05/01 18:04:35,科学的根拠に基づくがん予防：[国立がん研究センター　がん情報サービス　一般の方へ],https://ganjoho.jp/public/pre_scr/cause_prevention/evidence_based.html,5,1.75.248.212,正しく処理が終了しました
札幌　葬儀　えき近,2024/05/01 18:08:14,札幌市(北海道)の《駅近(アクセス良好)》葬儀場・斎場一覧 - 21件／葬儀費用11.0万円から｜いい葬儀【公式】,https://www.e-sogi.com/list_city_hall/sid1100-f2.html,3,49.98.10.69,正しく処理が終了しました
＞ゴミ回収 業者　即日回収,2024/05/01 18:15:19,【激安・即日対応】文京区の不用品回収・粗大ゴミ処分業者アース,https://www.huyouhinkaisyuu-tokyo.com/area/bunkyo/,5,49.97.110.116,正しく処理が終了しました
＞遺品整理　買取　そくじつ店舗,2024/05/01 18:22:11,遺品整理｜リサイクルショップ 出張買取　24時土日祝日夜間問わず24時間電話・メール対応の買取専門店（東京都・千葉県・埼玉県・茨城県・大阪府・京都府・兵庫県全域）,https://kaitori24h.com/sp/disused/clean-out-belongings.html,1,1.66.97.233,正しく処理が終了しました
ペットと泊まれる宿　山中湖　景色,2024/05/01 18:25:54,山梨県（山中湖・河口湖・富士五湖）のペットと泊まれる宿　犬と泊まれる宿　□ pet宿.com □　愛犬と宿泊・愛犬と泊まる・ペットと泊まれる全国のお宿を紹介している総合情報サイト,https://petyado.com/19kb-yamanashi-yamanakako01.html,2,49.98.171.162,正しく処理が終了しました
ジャガールクルト　おススメ買取店,2024/05/01 18:29:24,ジャガー・ルクルト買取｜高価買取・査定は日本最大級の時計買取サイトGMTへ,https://www.gmt-j.com/html/kaitori/jaegerlecoultre.html,3,1.75.251.18,正しく処理が終了しました
＞ウブロ　人気買取店,2024/05/01 18:33:02,ウブロ（HUBLOT）買取おすすめ業者7選！高価買取のコツや買取相場も紹介！ | 高く売れるドットコムマガジン,https://www.takakuureru.com/magazine/30220,6,49.98.155.145,正しく処理が終了しました
＞ハリーウィンストン　おススメ買取店,2024/05/01 18:36:42,ハリーウィンストン買取おすすめ業者10選！買取相場や高価買取のコツも紹介！ | 高く売れるドットコムマガジン,https://www.takakuureru.com/magazine/30138,1,110.163.217.58,正しく処理が終了しました
ヴァシュロン　人気買取店,2024/05/01 18:40:26,ヴァシュロンコンスタンタンの高価買取・査定＜最新価格随時更新中＞｜高級ブランド腕時計の買取・査定なら GINZA RASIN,https://www.kaitori-ginza.com/vacheron/,2,49.98.11.81,正しく処理が終了しました
ブレゲ　おススメ買取店,2024/05/01 18:43:58,ブレゲの高価買取 | 最新相場での時計高価買取ならおたからや,https://www.otakaraya.jp/brand-tokei/breguet/,3,49.98.175.32,正しく処理が終了しました
＞ランゲ　人気買取店,2024/05/01 18:47:37,ランゲ＆ゾーネ買取おすすめ業者6選！売るならどこ？買取相場もご紹介！ | 高く売れるドットコムマガジン,https://www.takakuureru.com/magazine/33496,6,1.75.7.140,正しく処理が終了しました
＞オメガ　おススメ買取店,2024/05/01 18:51:09,オメガ買取おすすめ専門店12選！売るならどこ？買取相場や高価買取のコツも | 高く売れるドットコムマガジン,https://www.takakuureru.com/magazine/31458,1,49.98.14.236,正しく処理が終了しました
オーデマピゲ　人気買取店,2024/05/01 18:54:43,オーデマピゲ買取おすすめ業者8選！売るならどこ？買取相場や高価買取のコツも | 高く売れるドットコムマガジン,https://www.takakuureru.com/magazine/30298,6,110.163.13.31,正しく処理が終了しました
クレジット引き落とし　即日たいおう,2024/05/01 19:01:12,クレジットカードの引き落とし時間は何時？当日入金でも大丈夫？｜みんなでつくる！暮らしのマネーメディア　みんなのマネ活,https://www.rakuten-card.co.jp/minna-money/credit-card/knowledge/article_2206_90061/,10,49.98.162.115,正しく処理が終了しました
＞ブライダルインナー おすすめ　全国展開,2024/05/01 19:05:07,先輩花嫁が教える！おすすめのブライダルインナーショップ厳選比較！,https://www.best-silhouette.com/shop/,1,1.79.84.252,正しく処理が終了しました
＞ペット 玩具　ねっと通販,2024/05/01 19:08:56,おもちゃの商品一覧｜みんなのペット健康専門店,https://www.min-petkenko.com/goodsSearch_petType_dog_category_toy.html,2,1.75.250.230,正しく処理が終了しました
松戸 不用品回収　業者ランキング,2024/05/01 19:13:00,松戸市のおすすめ不用品回収業者BEST10！廃品回収が激安&優良,https://sodaigomi-kaishu.com/%E7%B2%97%E5%A4%A7%E3%82%B4%E3%83%9F%E3%81%AE%E5%9B%9E%E5%8F%8E/l_mari_matudo5huyouhin7/,5,49.98.150.229,正しく処理が終了しました
クレジット現金化　ぜんこく展開,2024/05/01 19:16:44,クレジットカード現金化優良店大手サイトの比較で口コミおすすめ業者ランキング,https://iinecash.com/genkinka/,6,1.75.252.162,正しく処理が終了しました
＞在宅 副業　簡単手軽,2024/05/01 19:20:19,在宅で出来るおすすめの副業一覧！初心者向けも解説 | コエテコキャリア,https://coeteco.jp/articles/12846,3,1.75.255.27,正しく処理が終了しました
＞家庭用サウナ　らんきんぐサイト,2024/05/01 19:23:52,月間人気ランキング - 【公式】神戸メディケア サウナ直販サイト　,https://www.kaigoki.com/ranking,1,49.98.155.200,正しく処理が終了しました
自宅用サウナ　ランキングサイト,2024/05/01 19:27:29,月間人気ランキング - 【公式】神戸メディケア サウナ直販サイト　,https://www.kaigoki.com/ranking,6,1.66.101.246,正しく処理が終了しました
傘 名入れ　楽天さいと,2024/05/01 19:31:05,【楽天市場】傘 名入れの通販,https://search.rakuten.co.jp/search/mall/%E5%82%98+%E5%90%8D%E5%85%A5%E3%82%8C/,10,49.98.141.191,正しく処理が終了しました
＞名入れ 傘　楽天サイト,2024/05/01 19:35:00,【楽天市場】傘 名入れの通販,https://search.rakuten.co.jp/search/mall/%E5%82%98+%E5%90%8D%E5%85%A5%E3%82%8C/,1,49.98.163.23,正しく処理が終了しました
＞ウィッグ 通販　楽天さいと,2024/05/01 19:38:39,【楽天市場】ウィッグの通販,https://search.rakuten.co.jp/search/mall/%E3%82%A6%E3%82%A3%E3%83%83%E3%82%B0/,4,1.75.4.171,正しく処理が終了しました
アルカリ洗剤　ランキングサイト,2024/05/01 19:42:22,アルカリ洗剤のランキングTOP100 - 人気売れ筋ランキング - Yahoo!ショッピング,https://shopping.yahoo.co.jp/ranking/keyword/?p=%E3%82%A2%E3%83%AB%E3%82%AB%E3%83%AA%E6%B4%97%E5%89%A4,1,49.97.108.33,正しく処理が終了しました
福岡 英会話　らんきんぐサイト,2024/05/01 19:46:14,福岡の英会話教室おすすめランキング比較2024年版！お得なキャンペーンは？｜ミツカル英会話,https://resemom.jp/mitsukaru-eikaiwa/eikaiwa-school-fukuoka,2,49.97.111.162,正しく処理が終了しました
＞グランピング 伊豆　ランキングサイト,2024/05/01 19:49:44,伊豆高原の人気のグランピング施設ランキング【楽天トラベル】,https://travel.rakuten.co.jp/share/batch/rrg_pg/pgenerator/hotel/id110/1345/index.html,5,49.98.160.251,正しく処理が終了しました
＞豊田 探偵　らんきんぐサイト,2024/05/01 19:56:16,探偵豊田 浮気調査豊田 探偵ランキング 17 | 名古屋探偵（愛知）・浮気調査名古屋（愛知） ライジングリサーチ名古屋,https://www.rising4.com/sample-page/tanteitoyota/p5856/,9,49.98.166.203,正しく処理が終了しました
起業するには　おすすめ解説サイト,2024/05/01 19:59:59,起業のための知識が身につくオススメの起業マニュアル・サイト5選！｜起業マガジン,https://www.islandbrain.co.jp/start-business/kigyo-manual/,1,1.79.85.218,正しく処理が終了しました
開業するには　おすすめ解説さいと,2024/05/01 20:03:42,開業におすすめの業種13選！開業するための手続きや必要資金も解説 | 起業の窓口マガジン,https://kigyo.gmo/magazine/opening/,2,49.98.175.251,正しく処理が終了しました
＞ラーメンランキング　おすすめ解説サイト,2024/05/01 20:07:18,【解説付き】あなたが好きな「ラーメンチェーン」はどこですか？　人気投票を開催！（1/2） | ラーメン ねとらぼ調査隊,https://nlab.itmedia.co.jp/research/articles/33967/amp/,6,49.97.97.101,正しく処理が終了しました
＞小倉 居酒屋　ランキングおススメ,2024/05/01 20:10:57,小倉で人気の居酒屋 ランキングTOP20 | 食べログ,https://s.tabelog.com/izakaya/fukuoka/A4004/A400401/rank/,4,49.98.156.70,正しく処理が終了しました
福岡市 焼肉　ランキングおすすめ,2024/05/01 20:14:36,福岡市で人気の焼肉 ランキングTOP20 | 食べログ,https://s.tabelog.com/yakiniku/fukuoka/A4001/rank/,3,110.163.217.81,正しく処理が終了しました
恵比寿 美容院　人気てんぽ,2024/05/01 20:36:13,恵比寿・広尾で人気の美容院・美容室・ヘアサロン｜ホットペッパービューティー,https://beauty.hotpepper.jp/svcSA/macAC/salon/sacX008/,4,49.98.161.166,正しく処理が終了しました
＞別れさせ屋　成功確率,2024/05/01 20:39:42,「別れさせ工作」依頼を決意した瞬間 | NEWSCAST,https://newscast.jp/news/9129233/amp,1,49.97.97.57,正しく処理が終了しました
＞日本刀販売　おススメ店舗,2024/05/01 20:43:32,刀剣・日本刀販売の専門店一覧／ホームメイト,https://www.touken-world.jp/marketing/,3,49.98.162.99,正しく処理が終了しました
プロテインおすすめ　ランキング上位,2024/05/01 20:47:19,【徹底比較】プロテインのおすすめ人気ランキング143選【2024年】 | mybest,https://my-best.com/10250,6,49.98.160.181,正しく処理が終了しました
複合機　リース　比較さいと,2024/05/01 20:50:56,複合機のおすすめ格安リース会社を比較！プロが選ぶ本当に安い同業者5選！|複合機リースの格安NO1｜株式会社じむや,https://www.zimu-ya.com/comparison/,4,49.98.170.9,正しく処理が終了しました
＞プロポーズ　指輪　人気ブランド,2024/05/01 20:54:44,婚約指輪の人気ブランド10選！各ショップの特徴やおすすめをご紹介 | 結婚準備ROOM,https://www.piary.jp/pre-wedding/propose/702.html,5,49.98.11.59,正しく処理が終了しました
＞除菌スプレー　おすすめ　らんきんぐ,2024/05/01 20:58:27,除菌スプレーのおすすめ人気ランキング27選【2024年】 | mybest,https://my-best.com/1867,1,49.98.152.208,正しく処理が終了しました
天神焼肉　駅近,2024/05/01 21:02:25,天神駅(福岡)周辺 焼肉・ホルモンの予約・クーポン | ホットペッパーグルメ,https://www.hotpepper.jp/SA91/Y706/X702/9925370/G008/,2,1.66.98.105,正しく処理が終了しました
ふるさと納税　肉　らくてんサイト,2024/05/01 21:06:00,【楽天市場】楽天ふるさと納税｜返礼品ランキング［精肉・肉加工品］,https://event.rakuten.co.jp/furusato/ranking/meat/,4,49.98.158.73,正しく処理が終了しました
＞ふるさと納税　明太子　楽天サイト,2024/05/01 21:09:33,【楽天市場】ふるさと納税 明太子の通販,https://search.rakuten.co.jp/search/mall/%E3%81%B5%E3%82%8B%E3%81%95%E3%81%A8%E7%B4%8D%E7%A8%8E+%E6%98%8E%E5%A4%AA%E5%AD%90/,5,49.98.154.83,正しく処理が終了しました
＞札幌　焼肉　おすすめてんぽ,2024/05/01 21:16:21,札幌で人気の焼肉 ランキングTOP20 | 食べログ,https://s.tabelog.com/yakiniku/hokkaido/A0101/rank/,6,49.98.158.73,正しく処理が終了しました
薬　通販　サイト　おすすめ,2024/05/01 21:19:50,【お薬通販部】最安値で個人輸入代行サービス｜海外医薬品通販サイト,https://okusuritsuhan.shop/,9,49.98.167.150,正しく処理が終了しました
美味しいお菓子　日本らんきんぐ,2024/05/01 21:23:23,1万人が選ぶ！令和・平成・昭和 お菓子ランキング お菓子BEST20を時代別で大発表 | 久留米ファン,https://kurumefan.com/okashi-ranking,10,49.98.156.27,正しく処理が終了しました
＞妊活サプリ　評価高い,2024/05/01 21:27:07,葉酸サプリのおすすめ比較ランキング13選丨選び方や値段は？妊活中や妊娠中に飲まないほうがいいものはある？ | プレママブック,https://dr-land-kinshicho.com/figure/yosansupple-recommend/,1,1.75.8.144,正しく処理が終了しました
＞名古屋　結婚相談所　おススメサイト,2024/05/01 21:30:46,【最新】名古屋の結婚相談所おすすめ10選！人気な結婚相談所をランキングで比較！,https://www.gendai-a.co.jp/fit/marriage-agency-nagoya/,2,1.66.103.87,正しく処理が終了しました
がん予防　効果高い,2024/05/01 21:34:23,科学的根拠に基づくがん予防：[国立がん研究センター　がん情報サービス　一般の方へ],https://ganjoho.jp/public/pre_scr/cause_prevention/evidence_based.html,6,1.75.248.171,正しく処理が終了しました
札幌　葬儀　えき近,2024/05/01 21:38:12,札幌市(北海道)の《駅近(アクセス良好)》葬儀場・斎場一覧 - 21件／葬儀費用11.0万円から｜いい葬儀【公式】,https://www.e-sogi.com/list_city_hall/sid1100-f2.html,9,49.98.162.47,正しく処理が終了しました
＞ゴミ回収 業者　即日回収,2024/05/01 21:42:03,【激安・即日対応】文京区の不用品回収・粗大ゴミ処分業者アース,https://www.huyouhinkaisyuu-tokyo.com/area/bunkyo/,1,1.66.96.31,正しく処理が終了しました
＞遺品整理　買取　そくじつ店舗,2024/05/01 21:45:41,遺品整理なら生活本舗 | 遺品整理・生前整理は生活本舗へお任せください。,https://seikatsuhonpo.com/,2,49.98.154.186,正しく処理が終了しました
ペットと泊まれる宿　山中湖　景色,2024/05/01 21:49:18,山梨県（山中湖・河口湖・富士五湖）のペットと泊まれる宿　犬と泊まれる宿　□ pet宿.com □　愛犬と宿泊・愛犬と泊まる・ペットと泊まれる全国のお宿を紹介している総合情報サイト,https://petyado.com/19kb-yamanashi-yamanakako01.html,1,49.97.108.41,正しく処理が終了しました
ジャガールクルト　おススメ買取店,2024/05/01 21:52:52,ジャガー・ルクルト買取｜高価買取・査定は日本最大級の時計買取サイトGMTへ,https://www.gmt-j.com/html/kaitori/jaegerlecoultre.html,5,1.66.97.190,正しく処理が終了しました
＞ウブロ　人気買取店,2024/05/01 21:59:23,ウブロ（HUBLOT）買取おすすめ業者7選！高価買取のコツや買取相場も紹介！ | 高く売れるドットコムマガジン,https://www.takakuureru.com/magazine/30220,5,1.75.255.48,正しく処理が終了しました
＞ハリーウィンストン　おススメ買取店,2024/05/01 22:03:01,ハリーウィンストン買取おすすめ業者10選！買取相場や高価買取のコツも紹介！ | 高く売れるドットコムマガジン,https://www.takakuureru.com/magazine/30138,2,110.163.13.215,正しく処理が終了しました
ヴァシュロン　人気買取店,2024/05/01 22:06:41,ヴァシュロンコンスタンタンの高価買取・査定＜最新価格随時更新中＞｜高級ブランド腕時計の買取・査定なら GINZA RASIN,https://www.kaitori-ginza.com/vacheron/,1,1.75.4.179,正しく処理が終了しました
ブレゲ　おススメ買取店,2024/05/01 22:10:12,ブレゲ買取おすすめ業者7選！買取相場や高価買取のコツも解説！ | 高く売れるドットコムマガジン,https://www.takakuureru.com/magazine/34658,2,1.75.5.7,正しく処理が終了しました
＞ランゲ　人気買取店,2024/05/01 22:13:47,ランゲ＆ゾーネ買取おすすめ業者6選！売るならどこ？買取相場もご紹介！ | 高く売れるドットコムマガジン,https://www.takakuureru.com/magazine/33496,1,1.75.249.81,正しく処理が終了しました
＞オメガ　おススメ買取店,2024/05/01 22:17:20,オメガ買取おすすめ専門店12選！売るならどこ？買取相場や高価買取のコツも | 高く売れるドットコムマガジン,https://www.takakuureru.com/magazine/31458,2,49.98.161.226,正しく処理が終了しました
オーデマピゲ　人気買取店,2024/05/01 22:20:59,オーデマピゲ買取おすすめ業者8選！売るならどこ？買取相場や高価買取のコツも | 高く売れるドットコムマガジン,https://www.takakuureru.com/magazine/30298,6,49.97.108.127,正しく処理が終了しました
クレジット引き落とし　即日たいおう,2024/05/01 22:24:31,クレジットカードの引き落とし時間は何時？当日入金でも大丈夫？｜みんなでつくる！暮らしのマネーメディア　みんなのマネ活,https://www.rakuten-card.co.jp/minna-money/credit-card/knowledge/article_2206_90061/,9,1.75.3.8,正しく処理が終了しました
＞ブライダルインナー おすすめ　全国展開,2024/05/01 22:28:11,先輩花嫁が教える！おすすめのブライダルインナーショップ厳選比較！,https://www.best-silhouette.com/shop/,10,49.98.163.167,正しく処理が終了しました
＞ペット 玩具　ねっと通販,2024/05/01 22:32:02,おもちゃの商品一覧｜みんなのペット健康専門店,https://www.min-petkenko.com/goodsSearch_petType_dog_category_toy.html,11,49.98.10.198,正しく処理が終了しました
松戸 不用品回収　業者ランキング,2024/05/01 22:35:54,松戸市のおすすめ不用品回収業者BEST10！廃品回収が激安&優良,https://sodaigomi-kaishu.com/%E7%B2%97%E5%A4%A7%E3%82%B4%E3%83%9F%E3%81%AE%E5%9B%9E%E5%8F%8E/l_mari_matudo5huyouhin7/,1,49.98.153.117,正しく処理が終了しました
クレジット現金化　ぜんこく展開,2024/05/01 22:39:42,クレジットカード現金化優良店大手サイトの比較で口コミおすすめ業者ランキング,https://iinecash.com/genkinka/,2,49.97.97.182,正しく処理が終了しました
＞在宅 副業　簡単手軽,2024/05/01 22:43:30,在宅で出来るおすすめの副業一覧！初心者向けも解説 | コエテコキャリア,https://coeteco.jp/articles/12846,2,49.98.16.80,正しく処理が終了しました
＞家庭用サウナ　らんきんぐサイト,2024/05/01 22:47:01,月間人気ランキング - 【公式】神戸メディケア サウナ直販サイト　,https://www.kaigoki.com/ranking,2,110.163.12.119,正しく処理が終了しました
自宅用サウナ　ランキングサイト,2024/05/01 22:50:52,月間人気ランキング - 【公式】神戸メディケア サウナ直販サイト　,https://www.kaigoki.com/ranking,3,49.98.152.145,正しく処理が終了しました
傘 名入れ　楽天さいと,2024/05/01 22:54:33,【楽天市場】傘 名入れの通販,https://search.rakuten.co.jp/search/mall/%E5%82%98+%E5%90%8D%E5%85%A5%E3%82%8C/,3,49.98.11.71,正しく処理が終了しました
＞名入れ 傘　楽天サイト,2024/05/01 23:01:09,【楽天市場】傘 名入れの通販,https://search.rakuten.co.jp/search/mall/%E5%82%98+%E5%90%8D%E5%85%A5%E3%82%8C/,9,49.97.109.210,正しく処理が終了しました
＞ウィッグ 通販　楽天さいと,2024/05/01 23:04:58,【楽天市場】ウィッグの通販,https://search.rakuten.co.jp/search/mall/%E3%82%A6%E3%82%A3%E3%83%83%E3%82%B0/,1,49.98.163.205,正しく処理が終了しました
アルカリ洗剤　ランキングサイト,2024/05/01 23:08:49,アルカリ洗剤のランキングTOP100 - 人気売れ筋ランキング - Yahoo!ショッピング,https://shopping.yahoo.co.jp/ranking/keyword/?p=%E3%82%A2%E3%83%AB%E3%82%AB%E3%83%AA%E6%B4%97%E5%89%A4,2,1.79.87.2,正しく処理が終了しました
福岡 英会話　らんきんぐサイト,2024/05/01 23:12:23,福岡の英会話教室おすすめランキング比較2024年版！お得なキャンペーンは？｜ミツカル英会話,https://resemom.jp/mitsukaru-eikaiwa/eikaiwa-school-fukuoka,4,49.98.167.77,正しく処理が終了しました
＞グランピング 伊豆　ランキングサイト,2024/05/01 23:16:12,伊豆高原の人気のグランピング施設ランキング【楽天トラベル】,https://travel.rakuten.co.jp/share/batch/rrg_pg/pgenerator/hotel/id110/1345/index.html,5,1.66.98.165,正しく処理が終了しました
＞豊田 探偵　らんきんぐサイト,2024/05/01 23:19:42,探偵豊田 浮気調査豊田 探偵ランキング 17 | 名古屋探偵（愛知）・浮気調査名古屋（愛知） ライジングリサーチ名古屋,https://www.rising4.com/sample-page/tanteitoyota/p5856/,1,49.97.96.75,正しく処理が終了しました
起業するには　おすすめ解説サイト,2024/05/01 23:23:20,起業のための知識が身につくオススメの起業マニュアル・サイト5選！｜起業マガジン,https://www.islandbrain.co.jp/start-business/kigyo-manual/,2,49.98.161.60,正しく処理が終了しました
開業するには　おすすめ解説さいと,2024/05/01 23:27:03,開業におすすめの業種13選！開業するための手続きや必要資金も解説 | 起業の窓口マガジン,https://kigyo.gmo/magazine/opening/,2,49.98.160.202,正しく処理が終了しました
＞ラーメンランキング　おすすめ解説サイト,2024/05/01 23:30:38,5000杯食べたマニアがオススメ！東京の激ウマ人気ラーメン27選 - 日本の観光メディアMATCHA,https://matcha-jp.com/jp/6138,6,49.98.143.173,正しく処理が終了しました
＞小倉 居酒屋　ランキングおススメ,2024/05/01 23:34:17,小倉で人気の居酒屋 ランキングTOP20 | 食べログ,https://s.tabelog.com/izakaya/fukuoka/A4004/A400401/rank/,9,49.98.158.23,正しく処理が終了しました
福岡市 焼肉　ランキングおすすめ,2024/05/01 23:38:04,福岡市で人気の焼肉 ランキングTOP20 | 食べログ,https://s.tabelog.com/yakiniku/fukuoka/A4001/rank/,10,1.75.8.147,正しく処理が終了しました
京都 毛穴　ランキングおススメ,2024/05/01 23:50:07,京都府で毛穴洗浄・毛穴吸引が人気のエステサロン｜ホットペッパービューティー,https://beauty.hotpepper.jp/genre/kgkw067/pre26/,6,49.98.173.56,正しく処理が終了しました
京都 毛穴　ランキングおススメ,2024/05/02 02:56:34,京都府で毛穴洗浄・毛穴吸引が人気のエステサロン｜ホットペッパービューティー,https://beauty.hotpepper.jp/genre/kgkw067/pre26/,1,49.98.175.152,正しく処理が終了しました
柏 歯医者　駅近,2024/05/02 06:38:11,柏駅東口徒歩1分の歯医者 デンタルクリニック柏｜ 土曜・日曜も診療 24時間初診ウェブ予約,https://www.dc-kashiwa.com/sp/,2,49.98.173.128,正しく処理が終了しました
恵比寿 美容院　人気てんぽ,2024/05/02 06:41:59,恵比寿・広尾で人気の美容院・美容室・ヘアサロン｜ホットペッパービューティー,https://beauty.hotpepper.jp/svcSA/macAC/salon/sacX008/,3,49.98.145.111,正しく処理が終了しました
＞別れさせ屋　成功確率,2024/05/02 06:51:35,「別れさせ工作」依頼を決意した瞬間 | NEWSCAST,https://newscast.jp/news/9129233/amp,9,49.98.147.141,正しく処理が終了しました
＞日本刀販売　おススメ店舗,2024/05/02 06:55:41,刀剣・日本刀販売の専門店一覧／ホームメイト,https://www.touken-world.jp/marketing/,1,49.98.161.146,正しく処理が終了しました
プロテインおすすめ　ランキング上位,2024/05/02 06:59:40,【徹底比較】プロテインのおすすめ人気ランキング143選【2024年】 | mybest,https://my-best.com/10250,2,49.98.171.156,正しく処理が終了しました
複合機　リース　比較さいと,2024/05/02 07:03:12,複合機のおすすめ格安リース会社を比較！プロが選ぶ本当に安い同業者5選！|複合機リースの格安NO1｜株式会社じむや,https://www.zimu-ya.com/comparison/,6,1.66.97.141,正しく処理が終了しました
＞プロポーズ　指輪　人気ブランド,2024/05/02 07:09:37,婚約指輪の人気ブランド10選！各ショップの特徴やおすすめをご紹介 | 結婚準備ROOM,https://www.piary.jp/pre-wedding/propose/702.html,1,49.98.141.73,正しく処理が終了しました
＞除菌スプレー　おすすめ　らんきんぐ,2024/05/02 07:13:20,除菌スプレーのおすすめ人気ランキング27選【2024年】 | mybest,https://my-best.com/1867,4,49.98.147.223,正しく処理が終了しました
天神焼肉　駅近,2024/05/02 07:17:09,天神駅(福岡)周辺 焼肉・ホルモンの予約・クーポン | ホットペッパーグルメ,https://www.hotpepper.jp/SA91/Y706/X702/9925370/G008/,6,49.98.172.218,正しく処理が終了しました
ふるさと納税　肉　らくてんサイト,2024/05/02 07:20:49,【楽天市場】楽天ふるさと納税｜返礼品ランキング［精肉・肉加工品］,https://event.rakuten.co.jp/furusato/ranking/meat/,8,49.98.164.15,正しく処理が終了しました
＞ふるさと納税　明太子　楽天サイト,2024/05/02 07:27:25,【楽天市場】ふるさと納税 明太子の通販,https://search.rakuten.co.jp/search/mall/%E3%81%B5%E3%82%8B%E3%81%95%E3%81%A8%E7%B4%8D%E7%A8%8E+%E6%98%8E%E5%A4%AA%E5%AD%90/,1,49.98.141.37,正しく処理が終了しました
＞札幌　焼肉　おすすめてんぽ,2024/05/02 07:31:21,札幌で人気の焼肉 ランキングTOP20 | 食べログ,https://s.tabelog.com/yakiniku/hokkaido/A0101/rank/,2,49.98.172.46,正しく処理が終了しました
薬　通販　サイト　おすすめ,2024/05/02 07:34:53,【お薬通販部】最安値で個人輸入代行サービス｜海外医薬品通販サイト,https://okusuritsuhan.shop/,3,49.98.161.119,正しく処理が終了しました
美味しいお菓子　日本らんきんぐ,2024/05/02 07:38:27,【2024年最新版】日本一美味しいお菓子20選｜ランキング常連の人気スイーツをご紹介します – おいしいお取り寄せ百貨店,https://oisii-hyakkaten.com/blogs/article/japans-most-delicious-sweets,1,1.79.89.60,正しく処理が終了しました
＞妊活サプリ　評価高い,2024/05/02 07:42:19,葉酸サプリのおすすめ比較ランキング13選丨選び方や値段は？妊活中や妊娠中に飲まないほうがいいものはある？ | プレママブック,https://dr-land-kinshicho.com/figure/yosansupple-recommend/,2,1.79.86.237,正しく処理が終了しました
＞名古屋　結婚相談所　おススメサイト,2024/05/02 07:46:16,【最新】名古屋の結婚相談所おすすめ10選！人気な結婚相談所をランキングで比較！,https://www.gendai-a.co.jp/fit/marriage-agency-nagoya/,2,49.97.98.99,正しく処理が終了しました
がん予防　効果高い,2024/05/02 07:49:48,科学的根拠に基づくがん予防：[国立がん研究センター　がん情報サービス　一般の方へ],https://ganjoho.jp/public/pre_scr/cause_prevention/evidence_based.html,5,49.98.174.11,正しく処理が終了しました
札幌　葬儀　えき近,2024/05/02 07:53:38,札幌市(北海道)の《駅近(アクセス良好)》葬儀場・斎場一覧 - 21件／葬儀費用11.0万円から｜いい葬儀【公式】,https://www.e-sogi.com/list_city_hall/sid1100-f2.html,2,49.98.168.123,正しく処理が終了しました
＞ゴミ回収 業者　即日回収,2024/05/02 07:57:20,【激安・即日対応】文京区の不用品回収・粗大ゴミ処分業者アース,https://www.huyouhinkaisyuu-tokyo.com/area/bunkyo/,6,49.98.143.205,正しく処理が終了しました
＞遺品整理　買取　そくじつ店舗,2024/05/02 08:01:11,遺品整理｜リサイクルショップ 出張買取　24時土日祝日夜間問わず24時間電話・メール対応の買取専門店（東京都・千葉県・埼玉県・茨城県・大阪府・京都府・兵庫県全域）,https://kaitori24h.com/sp/disused/clean-out-belongings.html,7,49.98.157.235,正しく処理が終了しました
ペットと泊まれる宿　山中湖　景色,2024/05/02 08:04:41,山梨県（山中湖・河口湖・富士五湖）のペットと泊まれる宿　犬と泊まれる宿　□ pet宿.com □　愛犬と宿泊・愛犬と泊まる・ペットと泊まれる全国のお宿を紹介している総合情報サイト,https://petyado.com/19kb-yamanashi-yamanakako01.html,10,49.98.12.140,正しく処理が終了しました
ジャガールクルト　おススメ買取店,2024/05/02 08:08:19,ジャガー・ルクルト買取｜高価買取・査定は日本最大級の時計買取サイトGMTへ,https://www.gmt-j.com/html/kaitori/jaegerlecoultre.html,9,49.98.152.107,正しく処理が終了しました
＞ウブロ　人気買取店,2024/05/02 08:14:58,ウブロ（HUBLOT）買取おすすめ業者7選！高価買取のコツや買取相場も紹介！ | 高く売れるドットコムマガジン,https://www.takakuureru.com/magazine/30220,8,49.97.110.170,正しく処理が終了しました
＞ハリーウィンストン　おススメ買取店,2024/05/02 08:18:37,ハリーウィンストン買取おすすめ業者10選！買取相場や高価買取のコツも紹介！ | 高く売れるドットコムマガジン,https://www.takakuureru.com/magazine/30138,5,1.66.101.94,正しく処理が終了しました
ヴァシュロン　人気買取店,2024/05/02 08:22:17,ヴァシュロンコンスタンタンの高価買取・査定＜最新価格随時更新中＞｜高級ブランド腕時計の買取・査定なら GINZA RASIN,https://www.kaitori-ginza.com/vacheron/,6,49.98.173.70,正しく処理が終了しました
ブレゲ　おススメ買取店,2024/05/02 08:26:07,ブレゲ買取おすすめ業者7選！買取相場や高価買取のコツも解説！ | 高く売れるドットコムマガジン,https://www.takakuureru.com/magazine/34658,7,49.98.167.71,正しく処理が終了しました
＞ランゲ　人気買取店,2024/05/02 08:29:47,ランゲ＆ゾーネ買取おすすめ業者6選！売るならどこ？買取相場もご紹介！ | 高く売れるドットコムマガジン,https://www.takakuureru.com/magazine/33496,8,49.98.155.183,正しく処理が終了しました
＞オメガ　おススメ買取店,2024/05/02 08:33:39,オメガ買取おすすめ専門店12選！売るならどこ？買取相場や高価買取のコツも | 高く売れるドットコムマガジン,https://www.takakuureru.com/magazine/31458,9,1.75.250.125,正しく処理が終了しました
オーデマピゲ　人気買取店,2024/05/02 08:37:23,オーデマピゲ買取おすすめ業者8選！売るならどこ？買取相場や高価買取のコツも | 高く売れるドットコムマガジン,https://www.takakuureru.com/magazine/30298,1,49.98.162.193,正しく処理が終了しました
クレジット引き落とし　即日たいおう,2024/05/02 08:41:08,クレジットカードの引き落とし時間は何時？当日入金でも大丈夫？｜みんなでつくる！暮らしのマネーメディア　みんなのマネ活,https://www.rakuten-card.co.jp/minna-money/credit-card/knowledge/article_2206_90061/,2,1.66.96.16,正しく処理が終了しました
＞ブライダルインナー おすすめ　全国展開,2024/05/02 08:44:52,先輩花嫁が教える！おすすめのブライダルインナーショップ厳選比較！,https://www.best-silhouette.com/shop/,6,49.97.109.24,正しく処理が終了しました
＞ペット 玩具　ねっと通販,2024/05/02 08:48:32,おもちゃの商品一覧｜みんなのペット健康専門店,https://www.min-petkenko.com/goodsSearch_petType_dog_category_toy.html,4,49.98.157.147,正しく処理が終了しました
松戸 不用品回収　業者ランキング,2024/05/02 08:52:12,松戸市のおすすめ不用品回収業者BEST10！廃品回収が激安&優良,https://sodaigomi-kaishu.com/%E7%B2%97%E5%A4%A7%E3%82%B4%E3%83%9F%E3%81%AE%E5%9B%9E%E5%8F%8E/l_mari_matudo5huyouhin7/,6,1.66.102.53,正しく処理が終了しました
クレジット現金化　ぜんこく展開,2024/05/02 08:55:53,どんなときも。クレジット,https://donnatokimo-c.com/,8,49.98.162.238,正しく処理が終了しました
＞在宅 副業　簡単手軽,2024/05/02 08:59:30,在宅で出来るおすすめの副業一覧！初心者向けも解説 | コエテコキャリア,https://coeteco.jp/articles/12846,9,49.98.16.29,正しく処理が終了しました
＞家庭用サウナ　らんきんぐサイト,2024/05/02 09:03:18,月間人気ランキング - 【公式】神戸メディケア サウナ直販サイト　,https://www.kaigoki.com/ranking,1,49.98.171.28,正しく処理が終了しました
自宅用サウナ　ランキングサイト,2024/05/02 09:06:48,月間人気ランキング - 【公式】神戸メディケア サウナ直販サイト　,https://www.kaigoki.com/ranking,2,1.75.248.164,正しく処理が終了しました
傘 名入れ　楽天さいと,2024/05/02 09:13:32,【楽天市場】傘 名入れの通販,https://search.rakuten.co.jp/search/mall/%E5%82%98+%E5%90%8D%E5%85%A5%E3%82%8C/,6,49.98.167.159,正しく処理が終了しました
＞名入れ 傘　楽天サイト,2024/05/02 09:17:12,【楽天市場】傘 名入れの通販,https://search.rakuten.co.jp/search/mall/%E5%82%98+%E5%90%8D%E5%85%A5%E3%82%8C/,1,1.66.97.213,正しく処理が終了しました
＞ウィッグ 通販　楽天さいと,2024/05/02 09:21:09,【楽天市場】ウィッグの通販,https://search.rakuten.co.jp/search/mall/%E3%82%A6%E3%82%A3%E3%83%83%E3%82%B0/,2,49.97.97.90,正しく処理が終了しました
アルカリ洗剤　ランキングサイト,2024/05/02 09:25:06,アルカリ洗剤のランキングTOP100 - 人気売れ筋ランキング - Yahoo!ショッピング,https://shopping.yahoo.co.jp/ranking/keyword/?p=%E3%82%A2%E3%83%AB%E3%82%AB%E3%83%AA%E6%B4%97%E5%89%A4,2,1.75.249.51,正しく処理が終了しました
福岡 英会話　らんきんぐサイト,2024/05/02 09:28:35,福岡の英会話教室おすすめランキング比較2024年版！お得なキャンペーンは？｜ミツカル英会話,https://resemom.jp/mitsukaru-eikaiwa/eikaiwa-school-fukuoka,4,49.98.166.92,正しく処理が終了しました
＞グランピング 伊豆　ランキングサイト,2024/05/02 09:32:11,伊豆高原の人気のグランピング施設ランキング【楽天トラベル】,https://travel.rakuten.co.jp/share/batch/rrg_pg/pgenerator/hotel/id110/1345/index.html,6,1.66.102.166,正しく処理が終了しました
＞豊田 探偵　らんきんぐサイト,2024/05/02 09:35:43,探偵豊田 浮気調査豊田 探偵ランキング 17 | 名古屋探偵（愛知）・浮気調査名古屋（愛知） ライジングリサーチ名古屋,https://www.rising4.com/sample-page/tanteitoyota/p5856/,8,49.98.157.252,正しく処理が終了しました
起業するには　おすすめ解説サイト,2024/05/02 09:39:27,起業のための知識が身につくオススメの起業マニュアル・サイト5選！｜起業マガジン,https://www.islandbrain.co.jp/start-business/kigyo-manual/,9,1.66.100.138,正しく処理が終了しました
開業するには　おすすめ解説さいと,2024/05/02 09:42:59,開業におすすめの業種13選！開業するための手続きや必要資金も解説 | 起業の窓口マガジン,https://kigyo.gmo/magazine/opening/,5,49.98.150.135,正しく処理が終了しました
＞ラーメンランキング　おすすめ解説サイト,2024/05/02 09:49:23,【解説付き】あなたが好きな「ラーメンチェーン」はどこですか？　人気投票を開催！（1/2） | ラーメン ねとらぼ調査隊,https://nlab.itmedia.co.jp/research/articles/33967/amp/,10,49.97.98.189,正しく処理が終了しました
＞小倉 居酒屋　ランキングおススメ,2024/05/02 09:53:14,小倉で人気の居酒屋 ランキングTOP20 | 食べログ,https://s.tabelog.com/izakaya/fukuoka/A4004/A400401/rank/,1,110.163.12.12,正しく処理が終了しました
福岡市 焼肉　ランキングおすすめ,2024/05/02 09:57:02,福岡市で人気の焼肉 ランキングTOP20 | 食べログ,https://s.tabelog.com/yakiniku/fukuoka/A4001/rank/,2,49.98.156.186,正しく処理が終了しました
柏 歯医者　駅近,2024/05/02 10:00:52,柏駅東口徒歩1分の歯医者 デンタルクリニック柏｜ 土曜・日曜も診療 24時間初診ウェブ予約,https://www.dc-kashiwa.com/sp/,6,49.98.15.247,正しく処理が終了しました
恵比寿 美容院　人気てんぽ,2024/05/02 10:04:40,恵比寿・広尾で人気の美容院・美容室・ヘアサロン｜ホットペッパービューティー,https://beauty.hotpepper.jp/svcSA/macAC/salon/sacX008/,8,49.97.96.10,正しく処理が終了しました
＞別れさせ屋　成功確率,2024/05/02 10:08:16,「別れさせ工作」依頼を決意した瞬間 | NEWSCAST,https://newscast.jp/news/9129233/amp,10,49.98.160.162,正しく処理が終了しました
＞日本刀販売　おススメ店舗,2024/05/02 10:15:12,刀剣・日本刀販売の専門店一覧／ホームメイト,https://www.touken-world.jp/marketing/,1,49.98.172.153,正しく処理が終了しました
プロテインおすすめ　ランキング上位,2024/05/02 10:19:12,【徹底比較】プロテインのおすすめ人気ランキング143選【2024年】 | mybest,https://my-best.com/10250,2,49.98.12.230,正しく処理が終了しました
複合機　リース　比較さいと,2024/05/02 10:22:58,複合機のおすすめ格安リース会社を比較！プロが選ぶ本当に安い同業者5選！|複合機リースの格安NO1｜株式会社じむや,https://www.zimu-ya.com/comparison/,2,49.98.156.16,正しく処理が終了しました
＞プロポーズ　指輪　人気ブランド,2024/05/02 10:26:36,婚約指輪の人気ブランド10選！各ショップの特徴やおすすめをご紹介 | 結婚準備ROOM,https://www.piary.jp/pre-wedding/propose/702.html,5,49.98.158.229,正しく処理が終了しました
＞除菌スプレー　おすすめ　らんきんぐ,2024/05/02 10:30:20,除菌スプレーのおすすめ人気ランキング27選【2024年】 | mybest,https://my-best.com/1867,10,49.98.16.109,正しく処理が終了しました
天神焼肉　駅近,2024/05/02 10:34:22,天神駅(福岡)周辺 焼肉・ホルモンの予約・クーポン | ホットペッパーグルメ,https://www.hotpepper.jp/SA91/Y706/X702/9925370/G008/,11,49.98.160.223,正しく処理が終了しました
ふるさと納税　肉　らくてんサイト,2024/05/02 10:38:15,【楽天市場】楽天ふるさと納税｜返礼品ランキング［精肉・肉加工品］,https://event.rakuten.co.jp/furusato/ranking/meat/,1,49.98.17.194,正しく処理が終了しました
＞ふるさと納税　明太子　楽天サイト,2024/05/02 10:42:00,【楽天市場】ふるさと納税 明太子の通販,https://search.rakuten.co.jp/search/mall/%E3%81%B5%E3%82%8B%E3%81%95%E3%81%A8%E7%B4%8D%E7%A8%8E+%E6%98%8E%E5%A4%AA%E5%AD%90/,4,49.98.152.121,正しく処理が終了しました
＞札幌　焼肉　おすすめてんぽ,2024/05/02 10:45:52,札幌で人気の焼肉 ランキングTOP20 | 食べログ,https://s.tabelog.com/yakiniku/hokkaido/A0101/rank/,9,110.163.217.4,正しく処理が終了しました
薬　通販　サイト　おすすめ,2024/05/02 10:52:29,【お薬通販部】最安値で個人輸入代行サービス｜海外医薬品通販サイト,https://okusuritsuhan.shop/,4,49.98.165.228,正しく処理が終了しました
美味しいお菓子　日本らんきんぐ,2024/05/02 10:56:08,【2024年最新版】日本一美味しいお菓子20選｜ランキング常連の人気スイーツをご紹介します – おいしいお取り寄せ百貨店,https://oisii-hyakkaten.com/blogs/article/japans-most-delicious-sweets,1,49.98.144.122,正しく処理が終了しました
＞妊活サプリ　評価高い,2024/05/02 10:59:54,葉酸サプリのおすすめ比較ランキング13選丨選び方や値段は？妊活中や妊娠中に飲まないほうがいいものはある？ | プレママブック,https://dr-land-kinshicho.com/figure/yosansupple-recommend/,2,49.97.96.193,正しく処理が終了しました
＞名古屋　結婚相談所　おススメサイト,2024/05/02 11:03:37,【最新】名古屋の結婚相談所おすすめ10選！人気な結婚相談所をランキングで比較！,https://www.gendai-a.co.jp/fit/marriage-agency-nagoya/,4,110.163.11.43,正しく処理が終了しました
がん予防　効果高い,2024/05/02 11:07:13,科学的根拠に基づくがん予防：[国立がん研究センター　がん情報サービス　一般の方へ],https://ganjoho.jp/public/pre_scr/cause_prevention/evidence_based.html,3,1.75.255.61,正しく処理が終了しました
札幌　葬儀　えき近,2024/05/02 11:11:06,札幌市(北海道)の《駅近(アクセス良好)》葬儀場・斎場一覧 - 21件／葬儀費用11.0万円から｜いい葬儀【公式】,https://www.e-sogi.com/list_city_hall/sid1100-f2.html,1,49.98.16.41,正しく処理が終了しました
＞ゴミ回収 業者　即日回収,2024/05/02 11:14:53,【激安・即日対応】文京区の不用品回収・粗大ゴミ処分業者アース,https://www.huyouhinkaisyuu-tokyo.com/area/bunkyo/,2,49.97.97.9,正しく処理が終了しました
＞遺品整理　買取　そくじつ店舗,2024/05/02 11:18:46,遺品整理｜リサイクルショップ 出張買取　24時土日祝日夜間問わず24時間電話・メール対応の買取専門店（東京都・千葉県・埼玉県・茨城県・大阪府・京都府・兵庫県全域）,https://kaitori24h.com/sp/disused/clean-out-belongings.html,2,1.75.250.171,正しく処理が終了しました
ペットと泊まれる宿　山中湖　景色,2024/05/02 11:22:17,山梨県（山中湖・河口湖・富士五湖）のペットと泊まれる宿　犬と泊まれる宿　□ pet宿.com □　愛犬と宿泊・愛犬と泊まる・ペットと泊まれる全国のお宿を紹介している総合情報サイト,https://petyado.com/19kb-yamanashi-yamanakako01.html,3,1.75.252.45,正しく処理が終了しました
ジャガールクルト　おススメ買取店,2024/05/02 11:25:56,ジャガー・ルクルト買取｜高価買取・査定は日本最大級の時計買取サイトGMTへ,https://www.gmt-j.com/html/kaitori/jaegerlecoultre.html,8,1.75.3.123,正しく処理が終了しました
＞ウブロ　人気買取店,2024/05/02 11:29:37,ウブロ（HUBLOT）買取おすすめ業者7選！高価買取のコツや買取相場も紹介！ | 高く売れるドットコムマガジン,https://www.takakuureru.com/magazine/30220,6,49.98.145.127,正しく処理が終了しました
＞ハリーウィンストン　おススメ買取店,2024/05/02 11:36:14,ハリーウィンストン買取おすすめ業者10選！買取相場や高価買取のコツも紹介！ | 高く売れるドットコムマガジン,https://www.takakuureru.com/magazine/30138,10,1.75.249.100,正しく処理が終了しました
ヴァシュロン　人気買取店,2024/05/02 11:40:05,ヴァシュロンコンスタンタンの高価買取・査定＜最新価格随時更新中＞｜高級ブランド腕時計の買取・査定なら GINZA RASIN,https://www.kaitori-ginza.com/vacheron/,1,49.98.163.60,正しく処理が終了しました
ブレゲ　おススメ買取店,2024/05/02 11:43:51,ブレゲ買取おすすめ業者7選！買取相場や高価買取のコツも解説！ | 高く売れるドットコムマガジン,https://www.takakuureru.com/magazine/34658,2,110.163.217.86,正しく処理が終了しました
＞ランゲ　人気買取店,2024/05/02 11:47:36,ランゲ＆ゾーネ買取おすすめ業者6選！売るならどこ？買取相場もご紹介！ | 高く売れるドットコムマガジン,https://www.takakuureru.com/magazine/33496,2,110.163.10.44,正しく処理が終了しました
＞オメガ　おススメ買取店,2024/05/02 11:51:10,オメガ買取おすすめ専門店12選！売るならどこ？買取相場や高価買取のコツも | 高く売れるドットコムマガジン,https://www.takakuureru.com/magazine/31458,2,1.66.97.103,正しく処理が終了しました
オーデマピゲ　人気買取店,2024/05/02 11:54:46,オーデマピゲ買取おすすめ業者8選！売るならどこ？買取相場や高価買取のコツも | 高く売れるドットコムマガジン,https://www.takakuureru.com/magazine/30298,5,49.97.110.223,正しく処理が終了しました
クレジット引き落とし　即日たいおう,2024/05/02 11:58:18,クレジットカードの引き落とし時間は何時？当日入金でも大丈夫？｜みんなでつくる！暮らしのマネーメディア　みんなのマネ活,https://www.rakuten-card.co.jp/minna-money/credit-card/knowledge/article_2206_90061/,9,49.98.163.150,正しく処理が終了しました
＞ブライダルインナー おすすめ　全国展開,2024/05/02 12:02:07,先輩花嫁が教える！おすすめのブライダルインナーショップ厳選比較！,https://www.best-silhouette.com/shop/,1,1.66.103.219,正しく処理が終了しました
＞ペット 玩具　ねっと通販,2024/05/02 12:05:41,おもちゃの商品一覧｜みんなのペット健康専門店,https://www.min-petkenko.com/goodsSearch_petType_dog_category_toy.html,4,1.79.88.129,正しく処理が終了しました
松戸 不用品回収　業者ランキング,2024/05/02 12:09:22,松戸市のおすすめ不用品回収業者BEST10！廃品回収が激安&優良,https://sodaigomi-kaishu.com/%E7%B2%97%E5%A4%A7%E3%82%B4%E3%83%9F%E3%81%AE%E5%9B%9E%E5%8F%8E/l_mari_matudo5huyouhin7/,3,49.98.16.58,正しく処理が終了しました
クレジット現金化　ぜんこく展開,2024/05/02 12:13:21,神奈川県でクレジットカード現金化におすすめの店舗をリストアップ｜横浜・川崎・湘南など,https://accelfacter.co.jp/money/prefectures/kanagawa/,6,49.98.12.232,正しく処理が終了しました
＞在宅 副業　簡単手軽,2024/05/02 12:19:33,在宅で出来るおすすめの副業一覧！初心者向けも解説 | コエテコキャリア,https://coeteco.jp/articles/12846,7,1.75.7.204,正しく処理が終了しました
＞家庭用サウナ　らんきんぐサイト,2024/05/02 12:23:08,月間人気ランキング - 【公式】神戸メディケア サウナ直販サイト　,https://www.kaigoki.com/ranking,6,49.98.174.253,正しく処理が終了しました
自宅用サウナ　ランキングサイト,2024/05/02 12:26:56,月間人気ランキング - 【公式】神戸メディケア サウナ直販サイト　,https://www.kaigoki.com/ranking,5,49.98.169.245,正しく処理が終了しました
傘 名入れ　楽天さいと,2024/05/02 12:31:33,【楽天市場】傘 名入れの通販,https://search.rakuten.co.jp/search/mall/%E5%82%98+%E5%90%8D%E5%85%A5%E3%82%8C/,4,49.98.167.219,正しく処理が終了しました
＞名入れ 傘　楽天サイト,2024/05/02 12:35:09,【楽天市場】傘 名入れの通販,https://search.rakuten.co.jp/search/mall/%E5%82%98+%E5%90%8D%E5%85%A5%E3%82%8C/,8,49.98.11.19,正しく処理が終了しました
＞ウィッグ 通販　楽天さいと,2024/05/02 12:39:02,【楽天市場】ウィッグの通販,https://search.rakuten.co.jp/search/mall/%E3%82%A6%E3%82%A3%E3%83%83%E3%82%B0/,9,1.79.84.25,正しく処理が終了しました
アルカリ洗剤　ランキングサイト,2024/05/02 12:42:46,アルカリ洗剤のランキングTOP100 - 人気売れ筋ランキング - Yahoo!ショッピング,https://shopping.yahoo.co.jp/ranking/keyword/?p=%E3%82%A2%E3%83%AB%E3%82%AB%E3%83%AA%E6%B4%97%E5%89%A4,10,49.98.163.207,正しく処理が終了しました
福岡 英会話　らんきんぐサイト,2024/05/02 12:46:37,福岡の英会話教室おすすめランキング比較2024年版！お得なキャンペーンは？｜ミツカル英会話,https://resemom.jp/mitsukaru-eikaiwa/eikaiwa-school-fukuoka,1,49.98.166.57,正しく処理が終了しました
＞グランピング 伊豆　ランキングサイト,2024/05/02 12:50:19,伊豆高原の人気のグランピング施設ランキング【楽天トラベル】,https://travel.rakuten.co.jp/share/batch/rrg_pg/pgenerator/hotel/id110/1345/index.html,2,1.79.86.226,正しく処理が終了しました
＞豊田 探偵　らんきんぐサイト,2024/05/02 12:54:04,探偵豊田 浮気調査豊田 探偵ランキング 17 | 名古屋探偵（愛知）・浮気調査名古屋（愛知） ライジングリサーチ名古屋,https://www.rising4.com/sample-page/tanteitoyota/p5856/,2,1.79.87.191,正しく処理が終了しました
起業するには　おすすめ解説サイト,2024/05/02 12:57:35,起業のための知識が身につくオススメの起業マニュアル・サイト5選！｜起業マガジン,https://www.islandbrain.co.jp/start-business/kigyo-manual/,2,49.98.148.1,正しく処理が終了しました
開業するには　おすすめ解説さいと,2024/05/02 13:01:15,開業におすすめの業種13選！開業するための手続きや必要資金も解説 | 起業の窓口マガジン,https://kigyo.gmo/magazine/opening/,1,49.98.155.121,正しく処理が終了しました
＞ラーメンランキング　おすすめ解説サイト,2024/05/02 13:05:02,【解説付き】あなたが好きな「ラーメンチェーン」はどこですか？　人気投票を開催！（1/2） | ラーメン ねとらぼ調査隊,https://nlab.itmedia.co.jp/research/articles/33967/amp/,2,49.98.151.159,正しく処理が終了しました
＞小倉 居酒屋　ランキングおススメ,2024/05/02 13:08:56,小倉で人気の居酒屋 ランキングTOP20 | 食べログ,https://s.tabelog.com/izakaya/fukuoka/A4004/A400401/rank/,2,49.98.154.192,正しく処理が終了しました
福岡市 焼肉　ランキングおすすめ,2024/05/02 13:12:37,福岡市で人気の焼肉 ランキングTOP20 | 食べログ,https://s.tabelog.com/yakiniku/fukuoka/A4001/rank/,6,49.98.158.24,正しく処理が終了しました
